category_id,category_name,frequency,n_images,mean_score,median_score,std_score
1159,washbasin,r,10,-0.5348532617092132,-0.4792855381965637,0.19158010554388885
242,chickpea,c,13,-0.5266054066327902,-0.5010769367218018,0.22107630974715622
609,kitchen_sink,f,489,-0.5143034679430455,-0.5096164345741272,0.28400504574996477
636,legging_(clothing),c,76,-0.4764952354721333,-0.4604607969522476,0.2712353508148256
867,radish,c,49,-0.46023805047936583,-0.4957790970802307,0.2070503686676222
755,papaya,r,10,-0.45691567808389666,-0.5466428101062775,0.250271175115868
10,anklet,c,28,-0.45327270509941237,-0.47460511326789856,0.26147410835619583
1089,tights_(clothing),c,37,-0.4424299506118169,-0.4014044404029846,0.27095283387424346
638,legume,r,10,-0.4402411088347435,-0.4235374331474304,0.3090966787872043
773,pea_(food),c,76,-0.4338884411232644,-0.43100573122501373,0.3223861406925326
608,kimono,c,24,-0.4189148886750142,-0.4556429535150528,0.19322990311385746
514,green_bean,f,124,-0.40928752612202396,-0.42893099784851074,0.246683410545071
949,shopping_bag,f,139,-0.3987168209533468,-0.38269364833831787,0.3045519766748389
961,sink,f,1634,-0.3868623706141676,-0.38772672414779663,0.22342188369164973
459,flip-flop_(sandal),f,346,-0.382169439150505,-0.40240442752838135,0.270176255865999
891,roller_skate,r,10,-0.3798652939498425,-0.4840042144060135,0.28503133897138794
419,eggplant,c,46,-0.3768054729570513,-0.40932178497314453,0.22394737066972503
776,pear,f,109,-0.37461124990165334,-0.37696972489356995,0.23714489832676874
647,lime,f,115,-0.3691137800236111,-0.38228094577789307,0.328990384264942
153,briefcase,c,50,-0.3670994429662824,-0.3899894952774048,0.3437557529666584
911,sandal_(type_of_shoe),f,1023,-0.36575567005848547,-0.3679952025413513,0.3007033931483965
27,avocado,f,117,-0.35811572085715765,-0.41962188482284546,0.24830242850431763
35,handbag,f,1859,-0.35350813159494043,-0.3725923001766205,0.309591983687125
892,Rollerblade,r,10,-0.35014693103730676,-0.34625428915023804,0.2549154907817908
213,cardigan,c,18,-0.34412580806141096,-0.3317768722772598,0.1872270292380265
1164,water_faucet,c,69,-0.343325426451106,-0.3260844647884369,0.22505373490775216
289,colander,c,13,-0.34099475036446864,-0.3866676390171051,0.3152130281181797
146,bracelet,f,1668,-0.3395482819712584,-0.3528416156768799,0.29208552258520326
668,manhole,f,260,-0.3390520314247204,-0.3798809200525284,0.2998765543951898
968,skirt,f,1166,-0.3376758973595978,-0.3206991106271744,0.2823212438777331
520,grocery_bag,c,18,-0.3289824409617318,-0.2835920602083206,0.3025866545409322
962,skateboard,f,1967,-0.32812160756400355,-0.3290117084980011,0.18904628931802758
953,shoulder_bag,f,134,-0.3272693182616286,-0.34085580706596375,0.3029723096973192
495,ginger,c,17,-0.3233831279418048,-0.29295504093170166,0.12580676293273996
613,kiwi_fruit,c,81,-0.3231815312770598,-0.36347487568855286,0.23089724098150155
973,slipper_(footwear),c,58,-0.3212445513345301,-0.30768756568431854,0.2245655599045456
430,faucet,f,1906,-0.3127837334991631,-0.324857696890831,0.22737799505315157
980,soccer_ball,f,432,-0.3094433768096173,-0.3282170593738556,0.23543353312133447
774,peach,c,71,-0.30680075269454804,-0.3166106343269348,0.22342139840754094
870,raincoat,c,52,-0.3022228551204674,-0.3206121027469635,0.23959584709043844
510,grape,f,233,-0.300671936469972,-0.30177393555641174,0.2272926284061183
1171,watering_can,c,28,-0.2937324997037649,-0.2964481711387634,0.2823354171167596
1040,sweat_pants,c,35,-0.2911988559045962,-0.3336530029773712,0.26718135706634166
68,bathtub,f,823,-0.2907248506120085,-0.29185962677001953,0.1804479272973866
948,shoe,f,1916,-0.2840213871150013,-0.2801681309938431,0.29114156603811114
999,sponge,c,85,-0.2774524016196237,-0.2972237169742584,0.32356677825704105
218,tote_bag,f,103,-0.2769092337219316,-0.2599896192550659,0.3111809171462063
986,soup,f,146,-0.27121358200563245,-0.2949961721897125,0.23981571154007847
12,apple,f,1207,-0.27043703258772134,-0.2553294599056244,0.25452320169275905
885,ring,f,1622,-0.26677561605563926,-0.2732422649860382,0.28061820834123347
65,bath_mat,f,270,-0.26644009976729716,-0.26098817586898804,0.20145133917129202
1136,urinal,f,139,-0.26573965132316885,-0.24374109506607056,0.16437742999008437
154,broccoli,f,1309,-0.2649557238704908,-0.27480798959732056,0.19292356699648391
206,cappuccino,c,72,-0.2599782526182632,-0.2652037888765335,0.17035646543583588
592,jean,f,1927,-0.25948134714642807,-0.2939193546772003,0.34954156358347865
165,bullet_train,c,61,-0.25113320799513916,-0.25844913721084595,0.15986263140218088
158,brussels_sprouts,c,37,-0.25069055265457546,-0.24949663877487183,0.1783348346000165
230,cellular_telephone,f,1895,-0.2504153440217426,-0.2569684684276581,0.26654569058317074
872,raspberry,c,70,-0.24998525184845286,-0.31435902416706085,0.2456381310681752
1192,wok,c,26,-0.24749149883595797,-0.2922283411026001,0.19535449519727843
1025,strawberry,f,333,-0.2432340673456254,-0.2465948462486267,0.25667560319342925
94,bicycle,f,1852,-0.2409488328575842,-0.2471030429005623,0.2923057659096509
229,celery,f,110,-0.23845752716826443,-0.2157347947359085,0.24897500147271656
392,dress,f,1488,-0.23514642736156158,-0.22599832713603973,0.2557917215785137
115,blouse,f,271,-0.23316358918465013,-0.2396738976240158,0.22835535816440225
108,blackberry,c,40,-0.23265015191864222,-0.2580600157380104,0.1969514443868434
25,asparagus,c,70,-0.2324789068262492,-0.24065545201301575,0.23250821789532344
371,dishrag,c,17,-0.2310827911886222,-0.2337656468153,0.21766386554900083
1097,toilet,f,1925,-0.23064717348630168,-0.22011281549930573,0.17892635521135908
22,artichoke,c,33,-0.23005832037465138,-0.23163706064224243,0.28978686649654056
735,orange_(fruit),f,824,-0.2290077453285051,-0.21848726272583008,0.21720518309259312
373,dishwasher,f,312,-0.22582353818945242,-0.23210327327251434,0.23199508788878037
1185,window_box_(for_plants),c,70,-0.22502346115985086,-0.2565941661596298,0.3228106581549147
1134,underwear,f,113,-0.2230585659771696,-0.2390376329421997,0.31209069018944413
836,pot,f,479,-0.21942679382353197,-0.2213364541530609,0.2492269316993767
837,flowerpot,f,1404,-0.2189045756626198,-0.22589979320764542,0.2733181753165076
927,scrubbing_brush,f,126,-0.216316654967765,-0.22806303948163986,0.22911438062557582
586,iPod,f,126,-0.21540718700455885,-0.24164585024118423,0.24852372024824324
770,passport,c,12,-0.21333353221416473,-0.24077188223600388,0.18021191842591316
515,green_onion,f,101,-0.21139951744624,-0.26190775632858276,0.24981897597219205
1038,sushi,c,24,-0.21115784983461103,-0.1799924671649933,0.1873189071251724
988,soupspoon,c,25,-0.21095056638121604,-0.20985294878482819,0.13138888253704023
73,bean_curd,c,24,-0.21002579286384085,-0.2413352206349373,0.2497403662627741
1176,wedding_ring,c,31,-0.2068910572918192,-0.17121972143650055,0.2338770172589237
1160,automatic_washer,c,54,-0.20546740686727893,-0.1921708881855011,0.27247009365130503
1177,wet_suit,f,1469,-0.20510854738605336,-0.21694600582122803,0.19461210739655332
666,mandarin_orange,c,28,-0.20451676356606185,-0.19253526628017426,0.16202964708034928
921,scarf,f,752,-0.20141153262916983,-0.22197388112545013,0.33387572656658476
1203,zucchini,c,81,-0.19893683818740954,-0.19181036949157715,0.24465120088713754
14,apricot,r,10,-0.19682463593780994,-0.16949651017785072,0.290880870019749
116,blueberry,f,104,-0.19629554913934463,-0.24106594920158386,0.23746628321209887
23,trash_can,f,1883,-0.19412043435461113,-0.21323871612548828,0.31446839460895115
226,cauliflower,f,133,-0.1929546563371428,-0.19974449276924133,0.2302875406803565
139,bowl,f,1922,-0.19153981418184288,-0.20667210221290588,0.2698102366076633
1044,sweet_potato,c,21,-0.19000810369228324,-0.15795038640499115,0.2711766109169429
981,sock,f,1945,-0.18588637448712622,-0.17912077903747559,0.2503006599891053
254,chopstick,f,168,-0.18352490514683137,-0.1782671958208084,0.2093504918874803
1161,watch,f,1923,-0.1829764931707583,-0.191994771361351,0.3057508548354804
178,cab_(taxi),f,158,-0.18009783723538952,-0.17034399509429932,0.24737732545405788
1069,teakettle,c,35,-0.17854609681027275,-0.22327148914337158,0.2756045823910403
768,passenger_car_(part_of_a_train),c,93,-0.17815812805827747,-0.20271818339824677,0.19458881060242295
604,kettle,c,100,-0.17687968220561742,-0.17631995677947998,0.2207794426462014
904,salad,f,108,-0.1745524491599537,-0.18516962230205536,0.24051369198647257
802,pigeon,c,87,-0.1741811717464321,-0.21871918439865112,0.21768275943220053
840,pottery,c,28,-0.1738723356808935,-0.16378924995660782,0.2274654128307815
339,crutch,c,13,-0.17252443537402612,-0.205022394657135,0.2987664280151865
888,robe,c,32,-0.17037031016661786,-0.18008460104465485,0.21573916110875596
277,coat,f,746,-0.16906375464648482,-0.1696871668100357,0.3239873130081988
631,laptop_computer,f,1846,-0.16651554641427113,-0.16639165580272675,0.18601911566756818
259,cigarette,f,159,-0.16355190806840575,-0.14420093595981598,0.33158961639900075
273,clothes_hamper,c,31,-0.16107434400868031,-0.10915978997945786,0.277631212191499
1133,umbrella,f,1924,-0.16073624646776943,-0.18138937652111053,0.2840087145625221
715,necklace,f,1914,-0.1572096308849544,-0.15941617637872696,0.3506891227846762
1172,watermelon,f,114,-0.15617689338774143,-0.13524013757705688,0.2708933367678556
1042,sweater,f,962,-0.15547670875163483,-0.14967844635248184,0.2480534360294284
701,motor_scooter,f,226,-0.15480602499142915,-0.13695510476827621,0.1906267392567259
708,mug,f,814,-0.15463538076219444,-0.1731468066573143,0.26261069474709015
915,saucer,f,247,-0.15300866902941604,-0.15645267069339752,0.23259030414052692
342,cucumber,f,236,-0.1527289475069033,-0.1445423811674118,0.24975475340279943
1131,turtleneck_(clothing),c,11,-0.15083871070634236,-0.19830764830112457,0.27789316420130694
951,short_pants,f,1969,-0.15082705772542002,-0.15089643001556396,0.2421963214479326
1068,teacup,c,40,-0.14829760032007472,-0.18838823586702347,0.2669675673976885
955,shower_head,f,381,-0.14521550298167338,-0.1646903157234192,0.2808141100130929
1156,wallet,f,113,-0.14347241156985902,-0.15755896270275116,0.2454716105585362
777,peeler_(tool_for_fruit_and_vegetables),c,14,-0.14323395038289682,-0.13058872520923615,0.16480588505678812
598,jewelry,c,13,-0.14237306381647402,-0.10785478353500366,0.26454629385587825
1022,strainer,c,63,-0.14037593066256257,-0.10343614965677261,0.28467822673360027
462,flute_glass,c,23,-0.1399895527764507,-0.15316545963287354,0.20542087629734787
1122,trousers,f,1909,-0.13985985363517564,-0.11127503216266632,0.3327033243896019
1190,wineglass,f,941,-0.13863292155908835,-0.1444203406572342,0.19622070074208692
1102,toothbrush,f,745,-0.13766813240914086,-0.13838185369968414,0.19070786953714602
15,apron,f,500,-0.13622981443058232,-0.13480258733034134,0.24211973827105787
898,plastic_bag,f,1469,-0.13591571100243355,-0.12080195546150208,0.31655442538788336
763,parasol,c,17,-0.13462236173012676,-0.14988616108894348,0.17873701142647777
391,underdrawers,c,19,-0.1340800704140412,-0.1126815676689148,0.18921704143100854
684,melon,c,16,-0.13289545918814838,-0.0875956080853939,0.2612196875497229
135,bouquet,c,28,-0.13279763780467743,-0.10500378534197807,0.16993358370772618
1045,swimsuit,f,825,-0.13273582479429685,-0.1323649138212204,0.214592658072558
1000,spoon,f,1127,-0.12900040955357123,-0.1325751096010208,0.23211220394803214
1043,sweatshirt,f,588,-0.12875640571499908,-0.11615164950489998,0.271581708917909
570,hose,f,294,-0.12632881497590467,-0.13948900252580643,0.3496712257282358
74,beanbag,c,16,-0.12548088654875755,-0.1532696783542633,0.21485414724869334
198,walking_cane,c,84,-0.12327355239263159,-0.10873522982001305,0.35888653920439956
550,headscarf,c,96,-0.12153481177908058,-0.14186781644821167,0.2681267970827714
383,dolphin,c,13,-0.11982488775482544,-0.0892627090215683,0.20147579776383523
283,coconut,c,25,-0.11825902285752818,-0.11918650567531586,0.23705401715079713
363,diaper,c,69,-0.11700527338257087,-0.12871336936950684,0.2153333869028524
614,knee_pad,f,894,-0.11661123693263069,-0.11977878212928772,0.2080578908323273
460,flipper_(footwear),c,19,-0.11547537657775377,-0.20198340713977814,0.3558199305927796
875,reamer_(juicer),c,24,-0.11352267597491543,-0.12375722452998161,0.22227326930955443
639,lemon,f,341,-0.11270405575156804,-0.10310956835746765,0.26161847273733924
320,crab_(animal),c,12,-0.11269893186787765,-0.08348977565765381,0.21467285032280195
475,frog,c,42,-0.11247565852300752,-0.05488427169620991,0.2254910952042297
697,money,c,46,-0.1121143721671694,-0.09621451795101166,0.23765666788606993
1099,tomato,f,1213,-0.10999040752130183,-0.11232207715511322,0.32211664003097185
34,backpack,f,1905,-0.10933120857818501,-0.09625566005706787,0.30937252234549106
480,futon,r,10,-0.10562651418149471,-0.19494885951280594,0.33544939741544194
1078,tennis_ball,f,1302,-0.10453701398879742,-0.1117217093706131,0.21190059709954348
1060,tank_top_(clothing),f,1093,-0.10373796248924173,-0.0978752076625824,0.25042964039065324
724,notebook,f,189,-0.09959548287553757,-0.09597841650247574,0.2358499298172438
589,jacket,f,1872,-0.09736359382923106,-0.08811160922050476,0.3072251433267322
217,carrot,f,1222,-0.09619726164239745,-0.10815475881099701,0.23083397700028643
201,cantaloup,c,25,-0.09601352095603943,-0.06423180550336838,0.29348695873560704
919,scale_(measuring_instrument),f,158,-0.09438842176931285,-0.07580902799963951,0.2942764504568016
173,bus_(vehicle),f,1808,-0.09369135589772909,-0.10127434134483337,0.25938742443532015
1198,wristlet,f,623,-0.09320336020819582,-0.0732271671295166,0.2709844758429387
957,shower_curtain,f,381,-0.09314380791056226,-0.08376754075288773,0.1786187313404773
1073,telephone_booth,c,50,-0.09298235554248095,-0.10595594719052315,0.28039027324472193
749,pajamas,f,105,-0.09245941221237271,-0.08056793361902237,0.15785308066411124
296,computer_keyboard,f,1871,-0.09220733760435883,-0.07658478617668152,0.22320679147436343
1139,vase,f,1866,-0.09127761724909145,-0.11080719903111458,0.23907260954062012
1145,violin,r,10,-0.08921338338404894,-0.12260177172720432,0.24075361746450077
44,bamboo,c,36,-0.08851903878773253,-0.1048215851187706,0.18908092876706714
1105,cover,f,136,-0.0884331256743548,-0.12390407547354698,0.22846608280224737
1179,wheelchair,c,87,-0.08778882826726626,-0.12562400102615356,0.27242334580611666
41,ball,f,305,-0.08696801079624164,-0.10451966524124146,0.274530611838323
461,flower_arrangement,f,1779,-0.08693679999398811,-0.0988548994064331,0.22549522065931868
909,salsa,c,13,-0.08673769006362328,-0.15302303433418274,0.33314950347082056
487,garlic,c,65,-0.08662190620715801,-0.1284288763999939,0.35523057932699503
1070,teapot,f,135,-0.08654314393125888,-0.07569772005081177,0.2769892632287838
1103,toothpaste,f,187,-0.08569509586467415,-0.07968086749315262,0.2460275208817282
90,bench,f,1922,-0.08513273183880102,-0.07652883604168892,0.29502970307169935
521,guitar,f,199,-0.08456321800099545,-0.09148809313774109,0.2706691881824077
411,earring,f,1898,-0.08392058390102401,-0.047546299174427986,0.4520440859506326
261,cistern,f,811,-0.08238884284228211,-0.076652392745018,0.18141548029643223
1197,wristband,f,128,-0.08130668482772307,-0.09162392094731331,0.26170449218206465
833,postbox_(public),c,36,-0.080680087260488,-0.08216929621994495,0.387894575384135
1120,tricycle,c,11,-0.07893146754808682,-0.0006396841490641236,0.3211178230112704
45,banana,f,1787,-0.07778839180447254,-0.06563550978899002,0.20701767147002795
404,duffel_bag,f,247,-0.07758330329517393,-0.04729331284761429,0.24394260996091438
344,cup,f,1521,-0.07674439749042893,-0.08265628665685654,0.27628569941399816
537,handcart,c,91,-0.07550641060755639,-0.07070735096931458,0.25752773855368827
1037,surfboard,f,1895,-0.07059337139648517,-0.07572636008262634,0.1964129082989921
793,person,f,1928,-0.06991984945041257,-0.06789952516555786,0.29098019421925736
409,earphone,f,542,-0.06921372237102802,-0.04067220538854599,0.3354130841803617
324,crate,f,245,-0.06905952468609475,-0.09749749302864075,0.2670985249569128
1039,mop,c,22,-0.0669053385711529,-0.05141307972371578,0.22428562370953323
372,dishtowel,f,134,-0.06645364838012897,-0.03418571874499321,0.23327284250731012
950,shopping_cart,c,43,-0.06631812399123298,-0.05798730254173279,0.23427316571691115
610,kitchen_table,r,10,-0.06596635309979319,-0.07499036705121398,0.22573085358225295
995,spectacles,f,1969,-0.06574254742287995,-0.06736839562654495,0.39032935365910676
418,eggbeater,c,39,-0.06441361820086455,-0.07011539489030838,0.2644362811676024
728,oar,f,110,-0.06352687998759475,-0.02990528754889965,0.2543712355730348
32,baby_buggy,f,314,-0.06338876813650501,-0.06702902168035507,0.2985598105797267
1018,stool,f,297,-0.06316420958637689,-0.05667582526803017,0.23898810942218715
399,drum_(musical_instrument),c,28,-0.06304343829729728,-0.07320987060666084,0.19886115938072405
553,heart,c,66,-0.06291761729076054,-0.07140754535794258,0.2689557462785269
36,suitcase,f,1623,-0.062350670044576395,-0.03448490798473358,0.24758703855035982
786,penguin,c,47,-0.06184020689985854,-0.04188648983836174,0.2479135192880791
1079,tennis_racket,f,1977,-0.0598132574958198,-0.0617782324552536,0.17471856056071902
721,nightshirt,c,18,-0.05951319277907411,-0.07553252205252647,0.19535065486362543
979,soap,f,491,-0.05903128301795921,-0.04978615790605545,0.25034144943275377
224,cast,c,14,-0.05826800795538085,0.006699461489915848,0.20501919977743788
811,pipe,f,1413,-0.057951010657440905,-0.0923505425453186,0.35557001755854295
997,spider,c,12,-0.05793079609672228,-0.0707804262638092,0.306359370242635
92,bib,c,81,-0.057860913686454296,-0.07331728935241699,0.14325275239638977
380,doll,f,120,-0.05741363991789209,-0.04507620818912983,0.24060310500728307
67,bathrobe,c,42,-0.0573766488149496,-0.04926273971796036,0.1483348570746795
711,musical_instrument,c,16,-0.05663555455976166,-0.031049071811139584,0.18894921353073146
160,bucket,f,709,-0.05632448624530942,-0.060266513377428055,0.353626291213109
62,basketball,c,41,-0.056098090075865026,-0.12739628553390503,0.3325739861296585
841,pouch,c,80,-0.05511023163853679,-0.06158792972564697,0.2880732415666179
932,seashell,c,39,-0.05442945864529182,-0.1571769416332245,0.32348990866762517
112,blender,f,243,-0.05401108297184033,-0.04978557676076889,0.2126604088004681
843,prawn,c,92,-0.05335038481786361,-0.07930270954966545,0.2401593700989495
493,giant_panda,c,59,-0.05284735336268352,-0.08575647324323654,0.1939148725994088
148,brassiere,c,95,-0.052337813519529604,-0.050605691969394684,0.28961146067051907
314,corset,c,12,-0.05151637410745025,-0.09571021795272827,0.1942470856026454
947,shirt,f,1942,-0.05139043242959686,-0.05261374078691006,0.2808886826237715
699,monkey,c,74,-0.05117154579508949,-0.0688661988824606,0.23313334789917134
1115,train_(railroad_vehicle),f,1517,-0.05092210063885887,-0.055860813707113266,0.2638321327129636
531,hammock,c,13,-0.05068071766828115,0.025344081223011017,0.19547655009065265
239,cherry,c,87,-0.04961595377060531,-0.001187172718346119,0.34161176773814717
719,newspaper,f,448,-0.049355479291892025,-0.03273801691830158,0.2629266780835373
299,control,f,679,-0.048386754290811615,-0.06352119892835617,0.18481565277003176
658,magazine,f,338,-0.046829679542104756,-0.05162700638175011,0.22587884195406943
189,camera,f,1391,-0.04601978748698423,-0.07018961012363434,0.3196454310248146
1065,tartan,c,50,-0.04482562445104122,-0.09526324272155762,0.39377658708075264
695,mitten,c,61,-0.04362629207431293,-0.04380705952644348,0.1985905276638674
680,measuring_cup,c,71,-0.042699973364557386,-0.04243072122335434,0.21583665277289238
863,racket,c,35,-0.042666688242128915,-0.03878984972834587,0.14237506495490232
1082,thermos_bottle,c,36,-0.0425266068842676,0.0027733054012060165,0.2892643931255022
798,piano,f,114,-0.04136959642652839,0.00043368003389332443,0.2701346675461314
434,ferry,c,11,-0.04076841211115772,0.011065042577683926,0.20413617867529588
813,pita_(bread),c,12,-0.04005916082921127,-0.0391071611084044,0.18045299638270454
908,salmon_(food),r,10,-0.03957705143839121,-0.04084409400820732,0.1749970495272947
386,doormat,c,66,-0.039475145344057994,-0.03280421532690525,0.23519347673646993
64,bat_(animal),c,11,-0.038385062563148414,-0.05520809441804886,0.1129169234215101
332,crow,c,12,-0.03664208219076196,-0.051280063576996326,0.14798411264529646
286,coffeepot,c,26,-0.03498151927040173,0.08215470612049103,0.32078716920080114
677,mat_(gym_equipment),c,31,-0.034830624508040565,-0.08264552056789398,0.266677251216365
1189,wine_bucket,c,11,-0.033697827740318397,-0.03505192697048187,0.11527572019573895
469,fork,f,1861,-0.03325956963101136,-0.03625379502773285,0.20465466132525037
766,parking_meter,f,489,-0.03290793365527612,-0.023973912000656128,0.20062805543809206
1147,volleyball,c,14,-0.03228884509631565,0.006218269467353821,0.20159503382473543
484,garden_hose,c,41,-0.032136483072507674,-0.010702337138354778,0.24399828860381476
745,paddle,f,118,-0.03212219879220603,0.011729676276445389,0.195835594662659
184,calculator,c,57,-0.031493326453001874,-0.031173212453722954,0.2088135986454646
61,basket,f,1621,-0.031210131574786807,-0.021301554515957832,0.2977738981371878
55,barrow,c,26,-0.030096594620352753,-0.08550193905830383,0.3615378230473138
377,Dixie_cup,f,103,-0.02993996875378692,-0.02472003549337387,0.31484955455853986
190,camera_lens,c,90,-0.027719717264537595,-0.015207712538540363,0.24535831651465873
87,bell_pepper,f,333,-0.027539340251295997,-0.03103186935186386,0.30838031151105955
767,parrot,c,47,-0.02657690735414941,-0.05395721644163132,0.16979074901126867
498,glass_(drink_container),f,1920,-0.026482218816931417,-0.0302386824041605,0.22889764365376994
1013,step_stool,c,36,-0.02541228487259812,-0.016126738861203194,0.24998589737493732
1182,wig,c,47,-0.024157140446093645,-0.011506572365760803,0.28807749203743804
448,fish_(food),c,16,-0.0235561624285765,-0.013942965772002935,0.2150110757302427
1021,stove,f,1037,-0.021848458002544598,-0.01288169901818037,0.23004580827002946
453,flamingo,c,18,-0.021802146052424278,-0.028849562630057335,0.11878114961418626
447,fish,f,113,-0.02125640134986457,-0.058528680354356766,0.3243562024059402
623,ladybug,c,15,-0.020789257685343423,0.046582385897636414,0.31038123417515484
253,chopping_board,f,661,-0.01985546203140654,-0.024194665253162384,0.2819413788289605
211,identity_card,c,13,-0.019761608286689106,0.003607745049521327,0.2508827865067065
865,radiator,f,180,-0.018533850679846687,-0.01715373434126377,0.23005097465240837
935,shampoo,c,91,-0.017242213004974874,0.009305071085691452,0.22947782332594213
60,baseball_glove,f,1609,-0.016567342701671046,-0.009821489453315735,0.21915045950615156
406,dumpster,c,64,-0.016343661001883447,-0.07910820096731186,0.35086270674819287
156,broom,c,92,-0.016136284072316535,0.02689365390688181,0.34111144867043114
595,jersey,f,1945,-0.015252588328529522,0.001212085597217083,0.27734060401462224
177,button,f,1884,-0.015123840010671017,0.005224754335358739,0.331158273679684
477,frying_pan,f,128,-0.014503408956443309,-0.00619771855417639,0.2805463754601211
200,canoe,c,30,-0.013168318569660187,0.024056201800704002,0.2606625764641114
814,pitcher_(vessel_for_liquid),f,248,-0.013117313957698043,-0.021670732647180557,0.24954143498555853
641,lettuce,f,705,-0.011529996779380722,-0.008545786142349243,0.31039246149498934
678,matchbox,r,10,-0.011172441020607948,0.0015684682875871658,0.28005824217942576
499,globe,c,50,-0.01024923950433731,-0.017052294686436653,0.2548520829210944
511,grater,c,54,-0.009989085790477003,-0.000937891483772546,0.2533794993857284
709,mushroom,f,407,-0.00870649027427635,0.0040344069711863995,0.2721810067211123
660,mail_slot,c,15,-0.006993281468749046,-0.0048864781856536865,0.22436650114141424
127,book,f,1903,-0.005007486827213253,-0.00024650522391311824,0.22488882264762025
72,bead,c,42,-0.004712269652546162,0.03240606654435396,0.24954744467249054
454,flannel,c,14,-0.0044784074915306905,-0.09099695086479187,0.37699128656105535
341,cube,c,14,-0.003877358976751566,0.020760676357895136,0.2620990943145242
1130,turtle,c,20,-0.002689021988771856,-0.052530067041516304,0.2228478780588952
923,scissors,f,707,-0.001667705570022237,0.001547493040561676,0.20605938351694272
705,mouse_(computer_equipment),f,1337,-0.001535872301204679,0.010802333243191242,0.20196871471842928
111,blazer,c,49,-0.0013573846152546455,-0.017990900203585625,0.23383177142814077
696,mixer_(kitchen_tool),c,91,-0.0012616229519903004,0.010376598685979843,0.1845649400356816
725,notepad,c,74,-0.0009129033707132614,0.025292713195085526,0.18726398243825723
513,gravy_boat,r,10,-0.00070484708994627,0.09077317267656326,0.30490967779205264
187,camcorder,c,27,-0.0005032293912437228,0.03775648772716522,0.29762502743737185
9,amplifier,c,12,0.0008505352501136562,0.013914853916503489,0.16119956504824642
698,monitor_(computer_equipment) computer_monitor,f,1402,0.003553080650462225,0.011708678677678108,0.17467243142178854
360,dental_floss,c,19,0.003724636669319711,0.002843384863808751,0.2253447611927369
1199,yacht,c,12,0.0038780992617830634,0.03659878857433796,0.2782868907111249
315,costume,c,49,0.004677410465570128,0.01363696251064539,0.19639281325612842
109,blackboard,f,104,0.005013719899579883,-0.005261768586933613,0.18163278068563068
1194,wooden_spoon,c,56,0.005147928488440812,0.0039916858077049255,0.20162340619222255
46,Band_Aid,c,17,0.006028525531291962,-0.03965751826763153,0.2015315220602029
874,razorblade,c,29,0.006114695413873114,-0.022609010338783264,0.2528955501157279
468,footstool,c,27,0.008137379048599137,0.02745397947728634,0.23687494048845667
24,ashtray,c,98,0.009483798193194124,0.01617823913693428,0.2730081665378482
797,phonograph_record,c,20,0.011340437456965446,-0.0030259164050221443,0.2220136704173313
132,boot,f,1405,0.011472379786156705,-0.02003662846982479,0.5026386194394339
445,fireplug,f,1323,0.011776920945870389,0.034490443766117096,0.23732327016906443
152,bridal_gown,f,103,0.012857723008000373,0.023069921880960464,0.19004251047099469
256,slide,c,65,0.014034532469052535,-0.02214372716844082,0.22221467106516632
615,knife,f,1868,0.01519233330563592,0.014310403261333704,0.24218644873253156
260,cigarette_case,c,31,0.015838207556836067,0.016356617212295532,0.3402503366473934
601,kayak,c,37,0.016541365987143,0.0005669603124260902,0.1538583319092123
176,butterfly,c,80,0.016723547002766282,0.012220424134284258,0.2934521847181187
976,snowboard,f,1124,0.01679299478546519,0.02522942330688238,0.1570772386868911
965,ski_boot,f,1789,0.017066796047872274,0.021198317408561707,0.1792250687328903
118,boat,f,1758,0.017727805245955092,0.022150501608848572,0.28336840448328515
1027,streetlight,f,1765,0.018261830721566785,0.005740707274526358,0.3209026022916061
457,flashlight,c,37,0.01853597868938704,0.08752001076936722,0.2809654514868384
622,ladle,c,89,0.019670201203880015,0.06867526471614838,0.28252245371544393
954,shovel,c,74,0.021005665581371333,0.021070855669677258,0.3317973663055291
747,paintbrush,c,40,0.021038906439207493,-0.0014978707768023014,0.29819314526185015
336,cruise_ship,c,30,0.021388054247169445,0.025811323896050453,0.1668331095423075
740,overalls_(clothing),c,73,0.022071960063217436,0.029160013422369957,0.22988352384655492
101,birdbath,c,12,0.02349906989062826,0.04447323549538851,0.316775697480201
588,ironing_board,c,22,0.023888945748860187,0.07292327284812927,0.2053071273012732
806,pineapple,f,186,0.025145380131860254,-0.011124893557280302,0.2816240392343239
412,easel,c,36,0.026128709497344162,0.07874974980950356,0.21810439809338183
47,bandage,c,51,0.026160220615565777,-0.022198401391506195,0.2802362194588177
329,crock_pot,c,32,0.026565233623841777,0.050457797944545746,0.2593272596193757
828,polo_shirt,f,660,0.02677910017932983,0.019056979566812515,0.2527010811883536
369,dish,f,106,0.02721176897878495,0.026977951638400555,0.2516409906340528
748,painting,f,1036,0.028009304542552488,0.03815433569252491,0.2977413602862615
1108,towel,f,636,0.028138425664287724,0.0264672813937068,0.2273741565094671
1067,tea_bag,c,16,0.028246628935448825,-0.008688889443874359,0.16032732783401596
838,potato,f,307,0.028448639103099218,-0.004368344787508249,0.42009063709030664
288,coin,c,42,0.02885414558390732,0.0007185503782238811,0.26211316574713306
284,coffee_maker,f,238,0.028938071138006363,0.02542034350335598,0.2374562522919592
1033,suit_(clothing),f,151,0.030053614558565696,0.020822491496801376,0.2786952939560636
29,awning,f,1395,0.031109422578027398,0.024377137422561646,0.31467144063927227
706,mousepad,f,293,0.03151623090989761,0.026790259405970573,0.1518633223221523
232,chair,f,1927,0.03258606480020347,0.048187367618083954,0.25768942984012905
1140,vending_machine,c,47,0.03314015609360835,0.030046837404370308,0.3845420794887832
627,lamppost,f,595,0.033760113832579944,0.034956175833940506,0.3139329809391537
540,handle,f,1886,0.03389842097566874,0.03519580513238907,0.27583481127868714
630,lanyard,f,418,0.03588300564161471,0.05088132061064243,0.2718778125022049
558,highchair,c,90,0.03595719565378709,0.03890032134950161,0.18167002556574602
587,iron_(for_clothing),c,24,0.0362538657306383,0.03795320633798838,0.18917017981386255
761,parakeet,c,11,0.039152094247666275,0.06202729418873787,0.19252611236398615
971,sleeping_bag,c,17,0.03934892771683414,0.015620802529156208,0.2070406768910308
375,dispenser,f,270,0.03958796489061098,0.03904616832733154,0.2369843706682292
97,binder,c,94,0.040006869373486395,0.03781447373330593,0.29095164804265317
1138,vacuum_cleaner,c,37,0.040030715206789004,0.04657121002674103,0.2217416110947822
1110,toy,f,1149,0.04105011331786996,0.04572545364499092,0.2247973256447054
879,record_player,c,18,0.041178383528151445,0.01835286058485508,0.20918623011198853
744,pad,c,62,0.04146999653406261,0.020674104802310467,0.1692751456788561
401,duck,f,192,0.04199028206858202,0.0388000663369894,0.22904147134751793
18,armband,c,44,0.04205964652249928,0.03160958178341389,0.22824627260017788
1100,tongs,f,172,0.04228767325294876,0.05191832035779953,0.26326041632571984
293,pacifier,c,34,0.042295833008692545,0.09462104737758636,0.24262572458889023
817,place_mat,f,529,0.04231009684988986,0.042497944086790085,0.21814455153153015
854,pumpkin,c,80,0.04292871344368905,0.023755904287099838,0.24049313747260784
928,sculpture,c,76,0.04342930185559549,0.05389870144426823,0.2855305700142751
1034,sunflower,c,82,0.04569373142738009,0.061605216935276985,0.22146657345613086
66,bath_towel,f,349,0.04605442178495666,0.038897912949323654,0.2246705201765445
861,rabbit,c,65,0.04717672045270984,0.08236056566238403,0.2729747131948256
818,plate,f,1932,0.048005984960821424,0.0473164077848196,0.25918462223959093
279,coatrack,c,14,0.04927884724124202,-0.03698221850208938,0.26561043099616055
907,salmon_(fish),c,12,0.04983378713950515,0.012075535487383604,0.2589734498468906
781,pen,f,339,0.05058861697219026,0.0501038059592247,0.23400458346707842
1051,table_lamp,c,56,0.05127526097930968,0.054027097299695015,0.2636781225996989
500,glove,f,1890,0.05219290995626666,0.040090398862957954,0.24998761823921306
16,aquarium,c,33,0.05313075735290168,0.05310170724987984,0.17108150556062987
208,railcar_(part_of_a_train),f,159,0.054191414405937374,0.05322611704468727,0.24122386656514092
361,desk,f,1100,0.05442694365560204,0.05888509936630726,0.16653400883463823
424,envelope,c,82,0.054696057683209,0.08052455633878708,0.22560287094774883
1106,tortilla,c,34,0.05491213780581294,0.03822691552340984,0.19299699745097884
1050,table,f,1860,0.05563349549716726,0.04799883998930454,0.24431063221805252
936,shark,c,14,0.055819361337593625,0.09076764807105064,0.2740705963672329
897,runner_(carpet),c,25,0.05708113681641407,0.03825463354587555,0.2699675716551896
474,frisbee,f,1767,0.057361619757662234,0.075552798807621,0.24844443446005282
536,hand_towel,f,200,0.058023049865150826,0.041128575801849365,0.23343436820969313
6,alligator,c,26,0.05840802799390916,0.05868115648627281,0.2098109276929966
180,cabin_car,c,12,0.0587385060886542,0.0787187498062849,0.18267557627045436
835,poster,f,808,0.05917685613523717,0.051360296085476875,0.2728746834651535
1125,trunk,c,44,0.059622671878473324,0.0529045145958662,0.1960409948891507
718,nest,c,16,0.05991971507319249,0.048341588117182255,0.16482671506449317
522,gull,c,97,0.0599678697330954,0.0849352777004242,0.22655314240801155
524,hairbrush,f,121,0.059994381698510374,0.07118648290634155,0.2462894190713196
1186,windshield_wiper,f,1837,0.06171859018155437,0.038772303611040115,0.3359383425691352
1095,toaster,f,224,0.06299577300628048,0.0733335018157959,0.24785492334279682
1132,typewriter,c,13,0.06348743662238121,0.07935301959514618,0.22890412016534645
276,coaster,f,202,0.06440637055075599,0.06567224115133286,0.2563830490752432
939,shaver_(electric),r,10,0.06445226818323135,0.07599117793142796,0.1364261382461639
1023,strap,f,1881,0.06455473988821667,0.025713006034493446,0.4002523940790891
554,heater,c,57,0.06513493204195249,0.05257488042116165,0.2781659316043218
75,beanie,f,605,0.06621160480984649,0.08641397953033447,0.26991124288704726
88,belt,f,1940,0.06866558591280728,0.09187367185950279,0.3099903326687779
1064,tarp,f,522,0.06909812775919055,0.035559073090553284,0.2582081587084167
403,duct_tape,c,21,0.07279968842686642,0.038969021290540695,0.3050420979367401
734,onion,f,647,0.07314824647524926,0.0697285458445549,0.3641855351369129
205,cape,c,19,0.07354253042783392,0.024222152307629585,0.23248323528850293
530,hammer,c,26,0.07446919243711118,0.10486229881644249,0.35935834049964793
643,life_buoy,f,188,0.07486813627381592,0.06477133184671402,0.2581269811178963
782,pencil,f,153,0.07585243912097188,0.08904001861810684,0.21220515926773395
168,bullhorn,c,13,0.07642412816102688,0.16856640577316284,0.5309435698685996
563,home_plate_(baseball),f,545,0.07685222070100248,0.0563623383641243,0.17772596609472377
791,perfume,c,13,0.07686178228602959,0.05143345892429352,0.23283053705280699
825,pocketknife,c,18,0.07690724699447553,0.1387554109096527,0.1536479647178322
422,elephant,f,1878,0.07872951557582207,0.08198748901486397,0.15672471783613834
350,curtain,f,1890,0.07881654831704298,0.07922514155507088,0.22963934178798512
584,igniter,c,75,0.07941049262881279,0.08679845184087753,0.3021700378515425
199,canister,c,55,0.07947595478458838,0.1055392399430275,0.28362617088972736
834,postcard,c,16,0.07949825719697401,-0.018509449902921915,0.2436499709159593
465,food_processor,c,19,0.08116648757928296,0.16583645343780518,0.21099497098577108
1041,sweatband,c,69,0.08142335939223615,0.037045370787382126,0.21306244855037876
739,oven,f,731,0.08189040619646891,0.0888870507478714,0.21122179256934379
309,edible_corn,f,133,0.08285713348453655,0.10728201270103455,0.35030575928124436
1109,towel_rack,f,570,0.08404086858070897,0.10513776540756226,0.24352639508471566
1188,wine_bottle,f,531,0.08478512272274687,0.09666461497545242,0.19116352613595933
1052,tablecloth,f,1582,0.08496884664943528,0.0862799659371376,0.22838473992963154
765,parka,c,17,0.08533291303662255,0.12872274219989777,0.1355082089534651
1169,water_ski,c,50,0.08571535769850015,0.02065517520532012,0.2628053459725025
56,baseball_base,f,303,0.08575975229785388,0.07522714138031006,0.2134896823053143
746,padlock,c,99,0.08684214066497681,0.09354967623949051,0.3145452268615466
673,mashed_potato,c,39,0.08703589511755219,0.11510222405195236,0.21612088291703707
308,corkscrew,c,14,0.08720740063914231,0.12779240310192108,0.19232500756292842
1155,wall_socket,f,1854,0.08737889192653459,0.0921175591647625,0.24964945275512673
877,receipt,c,61,0.0878388238746337,0.06412699818611145,0.2371058763159532
670,marker,f,128,0.08876905016040837,0.10742530599236488,0.2385045063220581
1008,statue_(sculpture),f,655,0.08905051059786316,0.08924560248851776,0.324362904413866
285,coffee_table,f,592,0.0901303375689445,0.10240314900875092,0.22907365680009406
713,napkin,f,1791,0.09065499891530768,0.08297229558229446,0.23279419438806825
702,motor_vehicle,r,10,0.09072343204170466,0.038535733707249165,0.3008844544460475
839,potholder,c,57,0.0907881848857199,0.1013781726360321,0.23859422447554268
438,file_cabinet,c,32,0.09112256189109758,0.10721497237682343,0.2013608754396304
1200,yogurt,c,52,0.09193139490134154,0.10783334821462631,0.23895560374117966
367,dining_table,f,227,0.09254665156448924,0.07999297976493835,0.22966430641814056
868,raft,c,28,0.09274703417239445,0.05367841012775898,0.143115404058777
637,Lego,c,22,0.0937945388934829,0.08738584816455841,0.19871828924373494
669,map,f,131,0.0940099615756536,0.11477579176425934,0.3175748122733448
268,clipboard,c,32,0.09408252167486353,0.09576377272605896,0.30704404997131723
993,spatula,f,308,0.09427909704617696,0.09652897715568542,0.24831418094689228
122,boiled_egg,c,40,0.09455316559178754,0.06892860308289528,0.2002495061388606
129,booklet,c,86,0.09497405301243457,0.09263191372156143,0.2863502867794571
579,icecream,c,66,0.09540216046187913,0.08562261611223221,0.22156399177360406
751,pan_(for_cooking),f,229,0.09622644571186853,0.12309227883815765,0.29328298094707156
612,kitten,c,42,0.09639134192063163,0.1176571175456047,0.15277601967533536
99,bird,f,1821,0.09647267744811236,0.0862189531326294,0.2664867231833107
694,mirror,f,1900,0.0966540691987259,0.07830685749650002,0.26909726767627856
1098,toilet_tissue,f,1021,0.09676181176290473,0.10707749426364899,0.2533635956382949
212,card,c,35,0.09751085032309804,0.08872687816619873,0.25059483995892373
1142,vest,f,729,0.09803986735885487,0.10185112059116364,0.286370472396445
43,balloon,f,210,0.09807540024187239,0.1033063642680645,0.2566054047011693
1153,walking_stick,c,14,0.09844266876046147,-0.006886971183121204,0.4355617913642189
394,dress_suit,f,106,0.09860009756729991,0.12577565014362335,0.21005056048326454
494,gift_wrap,c,48,0.1000320559105603,0.09384555369615555,0.18463298278080958
605,key,f,195,0.10014061194199782,0.1176910400390625,0.3123374937911728
219,cart,c,28,0.10014434780792467,0.028848551213741302,0.30536117284266345
926,screwdriver,c,49,0.1008462526892521,0.10862790048122406,0.2234677426214628
70,battery,c,48,0.10110427571150164,0.07043085619807243,0.2395894059227886
982,sofa,f,1899,0.10192070761474811,0.10898245126008987,0.23236493753851425
977,snowman,c,31,0.10209124325023543,0.11377669125795364,0.24208773204349981
1196,wrench,c,32,0.10214661003556103,0.10490849241614342,0.2577746888740317
1166,water_jug,c,11,0.10299364003268155,0.18396589159965515,0.3078909755056776
110,blanket,f,1671,0.10304069272252589,0.10702463239431381,0.22193672804301084
881,remote_control,f,1096,0.1039279809742467,0.11789398640394211,0.2238195144179024
534,hair_dryer,f,123,0.10421127402715809,0.10609599947929382,0.21432906131797388
497,cincture,c,18,0.1046257114244832,0.08887350931763649,0.3981120786022793
546,veil,c,56,0.10515828121320478,0.12270524725317955,0.21866701835401758
821,pliers,c,28,0.10565218442518796,0.10735637322068214,0.19178328813887235
1071,teddy_bear,f,1413,0.10584922802392711,0.11359317600727081,0.17114782974905335
1035,sunglasses,f,1931,0.10683871797204066,0.11005113273859024,0.354993358344119
2,air_conditioner,f,364,0.10753222119643936,0.12905441969633102,0.3887868190054646
207,car_(automobile),f,1926,0.10768548991117062,0.11034811660647392,0.3377781198921803
966,ski_parka,f,401,0.10916672622604034,0.121980220079422,0.15931504132383004
225,cat,f,1918,0.11000992306234687,0.11544514447450638,0.18166585927419474
351,cushion,f,1240,0.1109259711912713,0.11450957879424095,0.20892328093055718
750,palette,c,21,0.11096634006216413,0.163935124874115,0.3409102441493565
358,deck_chair,f,236,0.11302783728307862,0.12460153177380562,0.18284817529593167
675,mask,f,925,0.11355467154317209,0.10829181224107742,0.18639147328610742
736,orange_juice,c,100,0.11380722642643377,0.07096714153885841,0.2757555953975444
547,headband,f,854,0.1143354636808395,0.12427221238613129,0.35411389811547095
1024,straw_(for_drinking),f,507,0.11522475142799744,0.12143129110336304,0.2617942333636877
590,jam,c,16,0.1154652654659003,0.11785563826560974,0.1797727870390827
600,jumpsuit,c,14,0.11598892463371158,0.06665563583374023,0.28922550493260607
248,chocolate_bar,c,23,0.11687762095876363,0.11979057639837265,0.21713905739980582
193,can_opener,c,21,0.11775516425924641,0.07437708973884583,0.15499687036542523
221,cash_register,c,28,0.11803553847130388,0.13933155685663223,0.2068664303700078
464,folding_chair,c,67,0.11824162016664423,0.14568637311458588,0.2634096867151719
685,microphone,f,272,0.1186696929490769,0.13229449093341827,0.2923463379306849
174,business_card,c,31,0.11917714666455023,0.09619197994470596,0.17901995138689528
1162,water_bottle,f,630,0.12113422666240246,0.16077324002981186,0.2942654208227434
98,binoculars,c,21,0.12192389046928535,0.10149301588535309,0.281665648176116
149,bread-bin,c,17,0.12309067038928762,0.11384440958499908,0.23817140430853517
780,pelican,c,26,0.12313740127361737,0.14937303960323334,0.1146162904615227
930,seahorse,c,11,0.12321895801208237,0.14045101404190063,0.3061672151104808
325,crayon,c,12,0.12345013425995906,0.1669279783964157,0.13987674227923763
490,gelatin,c,24,0.124923078265662,0.11252222582697868,0.23359996597265054
330,crossbar,f,1027,0.12516605427253813,0.11596596240997314,0.3556968006159939
1007,starfish,c,13,0.12539812807853407,0.08485659956932068,0.2335048149700339
964,ski,f,1926,0.12541813052783193,0.12973053008317947,0.15678912679663337
421,refrigerator,f,1451,0.1256536133487291,0.15088412165641785,0.1873785980599701
682,meatball,c,28,0.12697542857910907,0.1462741121649742,0.1882776067121291
485,gargle,c,28,0.12749497116809444,0.13194738700985909,0.18759797128805134
192,can,f,445,0.12841291345572203,0.14125755429267883,0.2832024610516071
626,lamp,f,1802,0.12904307654957922,0.1349269151687622,0.24259848815469973
91,beret,c,18,0.12974578292212552,0.17596059292554855,0.4023230114366169
443,fire_hose,c,29,0.13037425587917195,0.1748005747795105,0.26708507640956675
264,cleansing_agent,c,27,0.13054302941869805,0.20189256966114044,0.2517301709162784
141,bowler_hat,c,35,0.1305449677365167,0.1808038353919983,0.3656388055341816
390,drawer,f,1941,0.1313731881141002,0.13829700648784637,0.24298100367400602
471,freight_car,c,13,0.1362377516925335,0.08310018479824066,0.15898822473556806
1085,thread,c,67,0.1362558288252982,0.13944606482982635,0.2287431210486314
185,calendar,f,174,0.13644048216854404,0.126433864235878,0.21998285189024935
1072,telephone,f,772,0.13703667958824378,0.14629388600587845,0.23211695800186904
1127,turban,c,44,0.13707791472023184,0.17554915696382523,0.29684596124378326
618,knocker_(on_a_door),r,10,0.13740213625133038,0.19008129090070724,0.18315816431256518
756,paper_plate,f,328,0.13764318318046606,0.1342562586069107,0.25742804709895495
54,barrette,c,76,0.13824789373106078,0.13713939487934113,0.3879536597474786
437,figurine,f,202,0.13875417696026218,0.12220897525548935,0.2633021029724758
720,newsstand,c,12,0.14039357316990694,0.08259296044707298,0.309520442583715
1001,sportswear,c,11,0.140445622229229,0.13510873913764954,0.22270071777289924
576,hummingbird,c,16,0.14066386927152053,0.1272815726697445,0.10215021399214513
220,carton,c,63,0.1407028798749375,0.1675349622964859,0.21562065959393073
967,ski_pole,f,1968,0.14171548088753053,0.1440236195921898,0.17107465386860618
157,brownie,c,19,0.14196789196055187,0.09134107083082199,0.18696307930879844
4,alarm_clock,f,149,0.14238403775047936,0.1347387731075287,0.22559386891012811
166,bulletin_board,c,51,0.14265845391862825,0.156203493475914,0.24033348515278705
134,bottle_opener,c,15,0.14311458220084508,0.21058571338653564,0.3294810218175549
804,pillow,f,1912,0.14312410084849758,0.1486293002963066,0.22113329991525285
963,skewer,c,16,0.14319035728112794,0.13556179031729698,0.2240537880714436
1011,steering_wheel,f,672,0.14388193558399853,0.16711200773715973,0.35658611925957856
143,box,f,1828,0.1443955679182862,0.16306272894144058,0.24790257073902222
26,atomizer,c,46,0.14561484057618224,0.1556495577096939,0.25906558016334563
1117,tray,f,943,0.14571461475384892,0.1620008498430252,0.2645621298267817
741,owl,c,49,0.14738803938487355,0.25306645035743713,0.32267990465960356
81,beef_(food),f,140,0.14822998265153728,0.17549849301576614,0.30600019250909666
650,lip_balm,c,14,0.1482894935512117,0.13591904938220978,0.25530641996562325
929,seabird,c,11,0.14844897812740368,0.153303325176239,0.2434692472064727
133,bottle,f,1901,0.14863198518400683,0.15629121661186218,0.280985303542162
1121,tripod,f,101,0.14898635491747225,0.174205482006073,0.2031539040867188
893,rolling_pin,c,47,0.1503788590322229,0.19319473206996918,0.24239050110707525
621,ladder,f,629,0.15068135234082727,0.1717846542596817,0.35434690925720014
679,mattress,f,215,0.15068966730736022,0.17062973976135254,0.2340491601894302
1178,wheel,f,1924,0.15293483639828398,0.1506984829902649,0.38400640365573935
171,buoy,f,255,0.15327595271097094,0.15919168293476105,0.2624423799551766
473,freshener,c,32,0.1535935178399086,0.20249003916978836,0.31845651383713736
676,mast,f,354,0.15456207438468594,0.1654760241508484,0.2041817946270329
984,solar_array,c,28,0.15717649832367897,0.12343878671526909,0.2978804087677737
128,bookcase,c,70,0.15723300970941118,0.1778104528784752,0.21186458833978306
249,chocolate_cake,c,32,0.15731792748556472,0.20737821608781815,0.1897295959747166
343,cufflink,c,15,0.1573893425365289,0.14596010744571686,0.24003470484124753
1063,tapestry,c,22,0.1580424727025357,0.17110218852758408,0.18082402192604904
717,needle,c,13,0.15847385044281298,0.1631307601928711,0.14621275977992684
738,ottoman,f,121,0.15947620639642932,0.1684616506099701,0.23084122417531217
48,bandanna,f,138,0.1621713543250023,0.16985585540533066,0.3205913544558521
1087,tiara,c,25,0.16241777129471302,0.1701822429895401,0.11194286665673832
19,armchair,f,561,0.1630099094257011,0.18069562315940857,0.2303700233259276
659,magnet,f,334,0.16342991759859773,0.15324228256940842,0.1884361300052183
1076,television_camera,c,65,0.1645756801447043,0.1749866008758545,0.20571141672996027
338,crumb,f,249,0.16463203229898182,0.1593404859304428,0.24423665736968161
989,sour_cream,c,22,0.16486620818349448,0.16554933041334152,0.2555235840028502
120,bobbin,c,48,0.1656163037987426,0.18095771223306656,0.34812226787929257
644,life_jacket,f,227,0.16617590695873954,0.1661827564239502,0.2301101787178457
1137,urn,c,12,0.1665028017014265,0.1681114360690117,0.1891069877515069
544,hat,f,1932,0.16661101061337763,0.16799356043338776,0.3079691501701144
1006,stapler_(stapling_machine),c,65,0.16872788226375213,0.17559269070625305,0.23618792881630354
385,doorknob,f,1710,0.16959638026303323,0.16840531677007675,0.3107827856394554
340,cub_(animal),c,29,0.1701890671272473,0.1809515804052353,0.13744101636822487
267,clip,c,95,0.1713614618111598,0.22297024726867676,0.2713595993157811
138,bow-tie,f,234,0.17199852225235385,0.1685945987701416,0.23386216515291253
559,hinge,f,1635,0.17232591107201803,0.17296192049980164,0.32537370492599765
77,bed,f,1765,0.17309744226975135,0.1748051941394806,0.22110312327999382
252,choker,f,857,0.17400922438161978,0.17862917482852936,0.3500512990801487
652,lizard,c,15,0.17435564991707603,0.16027654707431793,0.2296892301074926
628,lampshade,f,1210,0.17485562342227232,0.17452045530080795,0.222408085732047
860,quilt,f,386,0.17533968561606414,0.19417773187160492,0.21110096959898267
903,sail,f,207,0.17548236582689167,0.17795409262180328,0.18269161285569227
687,microwave_oven,f,999,0.17754229789637532,0.19024688005447388,0.1959519006656983
203,cap_(headwear),f,125,0.17788788933306932,0.17824937403202057,0.2868626019279756
775,peanut_butter,c,30,0.17809439053138096,0.1309553124010563,0.2936637560685833
311,cornet,c,38,0.1792270592168758,0.20050904899835587,0.331758211315762
933,sewing_machine,c,11,0.17961387370120396,0.17229130864143372,0.21288135964720614
334,crown,c,67,0.1814574196912112,0.18042637407779694,0.30688105677509697
305,cooler_(for_food),f,266,0.18269463555913162,0.1999712884426117,0.28313046710253265
278,coat_hanger,c,44,0.1829674721758982,0.2260754182934761,0.26451676074912106
243,chili_(vegetable),c,18,0.18370681440056716,0.17189160734415054,0.2337427209075468
742,packet,c,23,0.18434095658037974,0.19078947603702545,0.22809621137704483
525,hairnet,c,16,0.1849942747503519,0.36019301414489746,0.4970713534929789
83,beer_bottle,f,322,0.18517712125328628,0.22595660388469696,0.28559250568441147
794,pet,c,79,0.1859596553789098,0.17320331931114197,0.18762789106089806
645,lightbulb,f,861,0.18628767430943216,0.18936780095100403,0.28550038827164964
137,bow_(decorative_ribbons),f,494,0.1869460187710045,0.19595427066087723,0.25394515388256494
181,cabinet,f,1659,0.18761675916020992,0.2053080052137375,0.25514458163711073
507,goose,c,63,0.19117085633444644,0.1836950182914734,0.18950852285135197
656,loveseat,c,28,0.191860285853701,0.22544122487306595,0.271916453471739
692,minivan,f,454,0.19229549229337878,0.19467399269342422,0.29492676004006124
402,duckling,c,12,0.19279046294589838,0.17448917031288147,0.1026024168651393
1077,television_set,f,1900,0.19364003188802406,0.19687744230031967,0.2248931797523746
859,quiche,r,10,0.19461885686032473,0.1944066807627678,0.1985541381372462
417,egg_yolk,c,41,0.1946875447259716,0.22177763283252716,0.15942594266727722
425,eraser,c,18,0.19546698641756344,0.13385767117142677,0.27096391916830304
1090,timer,c,50,0.19618356784805654,0.17520485073328018,0.1665264815660988
396,drill,c,19,0.1970147023859777,0.21251878142356873,0.23779760312556417
1088,tiger,c,33,0.19765609807588838,0.21201521158218384,0.2643144440063995
672,mascot,r,10,0.19787301644682884,0.2188641056418419,0.17519687963407535
84,beer_can,c,60,0.19831356012340015,0.2017241194844246,0.2721696473789512
819,platter,c,50,0.19836456805467606,0.23901516944169998,0.26631161114300994
483,garbage_truck,c,18,0.20030781492176983,0.15807271748781204,0.2904024628926904
681,measuring_stick,c,43,0.2006755108663509,0.2263471782207489,0.25880300014019497
328,crib,c,36,0.20181224482884216,0.2099778801202774,0.18738639647978905
633,latch,f,221,0.20200873033999048,0.19874894618988037,0.30100004374609424
442,fire_extinguisher,f,141,0.2023371335838142,0.22973261773586273,0.2896486237519919
591,jar,f,423,0.2024948633830206,0.21554119884967804,0.26059043811376115
940,shaving_cream,c,18,0.20251182596095735,0.20641514658927917,0.2720466885148416
347,cupcake,f,139,0.20417590772045488,0.21218045055866241,0.1995451254947417
549,headlight,f,1843,0.20511787736757947,0.2110593616962433,0.34161689149822516
959,signboard,f,1826,0.20537370983473593,0.18809816986322403,0.33220863512544835
433,Ferris_wheel,c,32,0.20765907294116914,0.22297675907611847,0.20527776922513835
1036,sunhat,c,41,0.20826035411176613,0.20854102075099945,0.2699144063698187
1143,videotape,c,24,0.20950608983791122,0.19689159840345383,0.19340251673143674
857,puppy,c,15,0.21022184618438283,0.18000222742557526,0.12155397046277132
466,football_(American),c,28,0.21116300765424967,0.13814210891723633,0.29804835958920983
57,baseball,f,738,0.21187897680042095,0.21943782269954681,0.22276971775298085
8,ambulance,c,22,0.21195219618014313,0.22711287438869476,0.24476629791843207
204,bottle_cap,f,1135,0.21309559970646932,0.22489230334758759,0.2540236737191054
89,belt_buckle,f,367,0.21313260799762032,0.19165726006031036,0.346038848318714
629,lantern,c,48,0.21326087599542612,0.21195343136787415,0.2680786143335465
76,bear,f,646,0.21330037631947568,0.2193652167916298,0.17598640982277816
1096,toaster_oven,f,105,0.21407352263728777,0.2449183166027069,0.22144357931106642
716,necktie,f,1940,0.2141593282764625,0.2296495884656906,0.2514875084942101
1091,tinfoil,f,270,0.21432908871728512,0.2145552560687065,0.2299999858383541
331,crouton,r,10,0.2145656853914261,0.3201788365840912,0.2947512720011507
683,medicine,c,34,0.21459218940478475,0.15906119346618652,0.2590893985332616
415,egg,f,191,0.21616984311328513,0.21565023064613342,0.2521438673118768
1002,spotlight,c,60,0.21697748033329844,0.2086286023259163,0.2906407960010731
1004,squirrel,c,16,0.2181062560994178,0.16603072732686996,0.2467747338811597
1092,tinsel,c,12,0.21834494716798267,0.2580436244606972,0.18383333865015283
533,hamster,c,11,0.21854889003390615,0.11728964000940323,0.226471383658855
1061,tape_(sticky_cloth_or_paper),f,134,0.22048632880332253,0.22044667601585388,0.23016701936048317
649,lion,c,43,0.22330879749253738,0.26221343874931335,0.30801639567415984
523,gun,c,32,0.22338149999268353,0.21414228528738022,0.3313969993032134
476,fruit_juice,c,17,0.22422970897134611,0.2533296048641205,0.20802250776407044
170,bunk_bed,c,24,0.22460679042463502,0.20972146838903427,0.24667649399845043
654,lollipop,c,15,0.2252747149206698,0.20522700250148773,0.21095433932512167
922,school_bus,c,64,0.22595629917850601,0.2979501038789749,0.2720288408485455
395,dresser,f,115,0.2266153637213511,0.2465457022190094,0.2219481999654106
991,space_shuttle,r,10,0.22671733275055886,0.2737049013376236,0.22182519138462342
801,pie,c,62,0.22784639585522876,0.3015025705099106,0.2741722947595821
1112,traffic_light,f,1890,0.22797698821763449,0.26100359857082367,0.2979443912301041
880,reflector,f,665,0.22810279246335638,0.24636821448802948,0.4130361252046171
53,barrel,f,186,0.22832743067704941,0.21167898923158646,0.29581089066640687
102,birdcage,c,25,0.2285108233243227,0.2754310667514801,0.1766263160486666
946,shield,c,19,0.22933488829355492,0.20660272240638733,0.35276721293199853
337,police_cruiser,c,48,0.22940642193619473,0.21312683075666428,0.29541800829476667
578,polar_bear,f,154,0.23026612564594812,0.25391000509262085,0.15741576466183846
1183,wind_chime,c,21,0.2311641893216542,0.23320971429347992,0.2915793752287205
827,pole,f,1890,0.231346066006479,0.2288876175880432,0.36408957134618297
145,suspenders,c,63,0.2325855540407319,0.25031083822250366,0.32378213407271333
847,projector,c,52,0.23647552277319706,0.1765013113617897,0.3344050145004176
816,pizza,f,1881,0.23649368318825031,0.24013204872608185,0.2049819091440793
5,alcohol,c,29,0.23667166112311955,0.30752119421958923,0.26172516179741967
556,helmet,f,1905,0.23673383920157715,0.2454921156167984,0.22556288951785083
255,Christmas_tree,f,210,0.2369399212855136,0.23369300365447998,0.18957897375693886
228,CD_player,c,27,0.23761452141183395,0.2842458188533783,0.2403320122130092
58,baseball_bat,f,1798,0.23776223084629183,0.24833788722753525,0.18483364532682145
689,milk,f,107,0.23806974946664838,0.25042060017585754,0.263219297134845
562,hog,c,50,0.239870771933347,0.20138288289308548,0.2776234003388946
7,almond,c,59,0.24025874990196425,0.213200643658638,0.264191838175813
33,basketball_backboard,c,31,0.24102934413859922,0.20043547451496124,0.3967433067183219
634,lawn_mower,r,10,0.24187319353222847,0.19850187748670578,0.21378471168744145
653,log,f,1167,0.24189984651778143,0.2449994832277298,0.2557534831602792
996,spice_rack,c,45,0.24204049822356966,0.19595199823379517,0.2820447515012106
617,knob,f,1567,0.24234719090038898,0.2592082619667053,0.28974393637276735
50,banner,f,1470,0.2426338936298449,0.24596047401428223,0.3008203472232726
866,radio_receiver,c,99,0.24409844829804367,0.2318553477525711,0.28996801508884223
642,license_plate,f,1900,0.24592455885226006,0.2507159411907196,0.3398444913712447
1141,vent,f,1468,0.24700963526912006,0.25928260385990143,0.3713997105321392
124,deadbolt,c,37,0.24844611758315885,0.20350381731987,0.2422745887863424
539,handkerchief,c,72,0.2491893391383605,0.22416748851537704,0.2274503841660074
79,bedspread,f,125,0.2492501338329166,0.2786453366279602,0.20567775466265545
274,clothespin,c,23,0.24944563963167046,0.31305986642837524,0.25656299830272444
565,fume_hood,f,193,0.25033399442915316,0.22949981689453125,0.2268362209640153
125,bolt,f,1510,0.25068731530020566,0.22133904695510864,0.34822951240142463
1093,tissue_paper,f,316,0.2522346221534624,0.2856597900390625,0.23825187966424438
896,rubber_band,f,342,0.2569948728747764,0.2736155688762665,0.4272138495018956
345,trophy_cup,c,25,0.25918195992708204,0.21862950921058655,0.2375343759673365
882,rhinoceros,c,29,0.25997578108619,0.2800390422344208,0.18010349495008515
757,paper_towel,f,468,0.26042595837075205,0.27549228072166443,0.3101238506105934
306,cork_(bottle_plug),f,101,0.26152180977128814,0.28522783517837524,0.2686514620000988
303,cookie,f,166,0.26232708286892353,0.2787938565015793,0.23758010663764043
876,rearview_mirror,f,1115,0.26254762040848967,0.27888527512550354,0.33763509903114286
726,nut,f,103,0.2648019327339038,0.2303079515695572,0.32148727319277715
832,pop_(soda),f,218,0.26546376860495485,0.28785668313503265,0.2268872542438312
450,fishing_rod,c,35,0.2655014597677759,0.2736577093601227,0.2811526646789474
655,speaker_(stero_equipment),f,994,0.26572881028308254,0.27845846116542816,0.2544636301908528
566,hook,f,285,0.26729254987082657,0.291279137134552,0.3199177710513712
346,cupboard,f,249,0.26733553702344587,0.27115362882614136,0.23263223804304284
519,grizzly,c,30,0.2681221083427469,0.3006292134523392,0.15748017877584727
1180,whipped_cream,c,77,0.26852196511244036,0.304885596036911,0.20648578244883434
970,sled,c,56,0.2688982092367951,0.2757657468318939,0.3462337413279253
194,candle,f,1132,0.2697847350565699,0.2883811593055725,0.30760486099151263
1168,water_scooter,c,30,0.26987532985707124,0.2740558832883835,0.24931823732377584
1056,taillight,f,1885,0.27162708825171145,0.2612321674823761,0.364680682204434
1101,toolbox,c,28,0.2731328366457352,0.3192916065454483,0.25360439817026675
1046,sword,c,52,0.27555204700463665,0.28206562995910645,0.30378175817739433
183,cake,f,834,0.2756375356346879,0.2756757587194443,0.22158631911494628
842,power_shovel,c,11,0.28049148890105163,0.3447493016719818,0.28586748817368246
59,baseball_cap,f,1934,0.2823635394019645,0.3058808594942093,0.28712913994562816
912,sandwich,f,782,0.28252209608158446,0.2866176515817642,0.2013629818463462
826,poker_(fire_stirring_tool),c,14,0.28256118501719485,0.22411440312862396,0.2644476735218179
1062,tape_measure,c,29,0.2838595786999012,0.21723397076129913,0.24739621082507532
104,birthday_cake,f,244,0.2845764672860778,0.29035066068172455,0.17879812484144908
502,goggles,f,1530,0.2854454608115191,0.2951324135065079,0.20499089267852985
370,dish_antenna,c,81,0.286557074452256,0.3449470102787018,0.4287784385598419
732,olive_oil,c,25,0.28675360444933173,0.22229766845703125,0.24384317930565047
393,dress_hat,c,46,0.28903665409787843,0.28935733437538147,0.3060118088993432
831,pool_table,r,10,0.2896076697230455,0.21633478999137878,0.3612427659246631
760,parachute,c,24,0.29349530100201565,0.2998386174440384,0.21939276310009478
1195,wreath,c,73,0.2943737344586686,0.3553265333175659,0.36239379596660826
889,rocking_chair,c,55,0.2950833270495588,0.27093037962913513,0.26269957041850706
1020,brake_light,f,223,0.29617986236445737,0.29331621527671814,0.32903685402453864
581,ice_maker,c,24,0.29675756643215817,0.2799142003059387,0.1576349880402113
1163,water_cooler,c,31,0.29678841007332646,0.3012210428714752,0.3078816146940641
504,golf_club,c,11,0.29793777858669107,0.31717705726623535,0.2158972596642031
1055,tag,f,1562,0.29877999076079703,0.26242852210998535,0.3429630049684198
150,bread,f,1567,0.3001453276934166,0.3060833215713501,0.21800429723578757
1009,steak_(food),c,51,0.30059523526213916,0.2947119176387787,0.20594616020753567
378,dog,f,1938,0.30114815991842936,0.3141629695892334,0.23494476615264212
37,bagel,c,47,0.30216815762538857,0.3050362765789032,0.21295943171919976
1094,toast_(food),c,41,0.30273554992021584,0.34972500801086426,0.17572064069208976
703,motorcycle,f,1720,0.3034505610668972,0.34902602434158325,0.2798573450232214
845,printer,f,194,0.30492089713411163,0.31990642845630646,0.23213739114393206
1086,thumbtack,c,26,0.3056753436819865,0.2952709048986435,0.23529468497043782
298,cone,f,1010,0.3069125371691794,0.32669420540332794,0.34088162334302324
1174,webcam,c,21,0.30807001888751984,0.30378445982933044,0.2864178521724119
924,scoreboard,f,143,0.310072173753597,0.28925707936286926,0.23634624972686258
753,pancake,c,72,0.3113442295539749,0.33524374663829803,0.18115112455069393
472,French_toast,c,13,0.31209941036426103,0.3910701870918274,0.2563511114586016
1059,tank_(storage_vessel),f,137,0.31257710541278994,0.30350589752197266,0.3647469600265699
195,candle_holder,f,177,0.31702240379685065,0.2898353636264801,0.328495698053324
707,muffin,c,62,0.3178129476164618,0.3289621025323868,0.20015463944874878
1,aerosol_can,c,64,0.3184922336949967,0.3527713716030121,0.28251013206078734
121,bobby_pin,c,14,0.31978748286409037,0.32821351289749146,0.3661666693036442
878,recliner,c,18,0.32069060009800726,0.362266480922699,0.18037049158861773
737,ostrich,c,47,0.32363253609931214,0.31169354915618896,0.1553829912993815
512,gravestone,c,36,0.32520738761458134,0.31665489077568054,0.2044470868505904
548,headboard,f,755,0.32705408613357867,0.3293144404888153,0.21646393252417503
611,kite,f,1689,0.327687684844317,0.342507541179657,0.22962279643026712
96,billboard,f,247,0.32812151783862364,0.298380583524704,0.3431384053064358
1066,tassel,c,68,0.32985594145515384,0.3346208930015564,0.30775380226405097
241,chicken_(animal),c,71,0.33053514770638776,0.35021334886550903,0.25574863134813464
762,parasail_(sports),c,72,0.3307555406742419,0.3204948604106903,0.16081084743883792
1181,whistle,c,11,0.3311077220873399,0.3260234594345093,0.2640873597396718
441,fire_engine,f,119,0.33155266203166245,0.33405330777168274,0.20193588822600064
895,router_(computer_equipment),c,29,0.33203798314106875,0.38231533765792847,0.24173352763036482
1128,turkey_(food),c,31,0.33265710934515924,0.3487858772277832,0.2470678345881821
263,clasp,c,42,0.3329111931934243,0.3114003986120224,0.3417137709055571
1026,street_sign,f,1911,0.3400877403928243,0.3595520853996277,0.3599663461871682
1014,stereo_(sound_system),c,54,0.343855706009048,0.3499661833047867,0.21035586008972249
661,mailbox_(at_home),f,102,0.3441861335407285,0.3365657478570938,0.3755699858063885
1175,wedding_cake,c,91,0.3441882094184121,0.34083276987075806,0.16039890587439706
771,pastry,f,228,0.34422752428636477,0.35318733751773834,0.18069581229401052
103,birdhouse,c,41,0.3445724012648187,0.4050411880016327,0.24053807114004416
1081,thermometer,c,29,0.3462644824437026,0.27965375781059265,0.2957837822120005
470,forklift,c,11,0.3479456440968947,0.41699159145355225,0.20330885297922915
312,cornice,c,95,0.34845169430941736,0.35568225383758545,0.21116472348902252
704,mound_(baseball),f,261,0.35202844211853096,0.35576069355010986,0.15199040468926506
444,fireplace,f,525,0.3542713917392705,0.36314454674720764,0.2210873638991854
1123,truck,f,800,0.35472485507809326,0.35678739845752716,0.31547173446286103
197,candy_cane,c,17,0.35479342904599276,0.37311822175979614,0.23298832031554503
107,black_sheep,c,40,0.3585891814902425,0.3693503439426422,0.1372518564491041
1074,telephone_pole,f,1015,0.3607309766303578,0.37349143624305725,0.364020104039794
790,pepper_mill,c,69,0.36399541753411724,0.3327738642692566,0.33140979868384723
297,condiment,f,717,0.36964119180635585,0.4020395576953888,0.2810881712989422
327,crescent_roll,c,35,0.3698440758245332,0.3248433768749237,0.1662292484328063
86,bell,f,231,0.371484330198143,0.3884757459163666,0.2932130753322059
322,cracker,c,54,0.37256936715156946,0.4243798851966858,0.2855126027876637
387,doughnut,f,1008,0.3790769628379614,0.39900973439216614,0.20017078482090112
384,domestic_ass,c,29,0.3811416105078212,0.4400598406791687,0.20822660630020795
731,oil_lamp,c,15,0.38271969358126323,0.4991483688354492,0.2580178644413034
799,pickle,f,221,0.3846452695884367,0.41511622071266174,0.24199518086767483
526,hairpin,c,12,0.38540787311891717,0.3738459050655365,0.4673175472081356
114,blinker,f,242,0.3855792056376592,0.41743287444114685,0.3398343927980984
607,kilt,c,12,0.38920131718865986,0.4687752276659012,0.19802115218268634
280,cock,c,26,0.3904430247270144,0.34056487679481506,0.27331318956630263
175,butter,f,158,0.3905207873911514,0.4037825018167496,0.26330447863619183
934,shaker,c,13,0.39131999015808105,0.4701361656188965,0.36673237553531185
1149,waffle,c,29,0.3930888283869316,0.4166054427623749,0.19146597937436208
1083,thermostat,f,138,0.397042580826235,0.4124436676502228,0.3485514849860049
271,clock,f,1844,0.3993074640849102,0.4212677776813507,0.24672884333278686
163,bulldog,c,15,0.40123432244484625,0.4352717399597168,0.1929883678390075
505,golfcart,c,19,0.4025513835643467,0.34523165225982666,0.37876365441005794
795,pew_(church_bench),c,14,0.4039271559034075,0.3800389766693115,0.19298921140249953
700,motor,f,421,0.4076988246256481,0.45272108912467957,0.31361652843156346
667,manger,c,91,0.40867118483695847,0.4111809730529785,0.2108617325135106
529,hamburger,c,48,0.412905411911197,0.4290350526571274,0.21169928092873522
28,award,c,41,0.4144295165996726,0.4475754201412201,0.3402878229802667
517,grill,f,363,0.415723217485765,0.40628841519355774,0.3578710490649147
489,gazelle,c,23,0.4175928328996119,0.41604429483413696,0.18292342140919887
95,visor,f,430,0.41864501211229105,0.43725600838661194,0.28161111064584476
1104,toothpick,f,147,0.4238029987278844,0.4427925646305084,0.2949047354078149
11,antenna,f,505,0.42402487543254797,0.42591801285743713,0.3692476357400514
235,chandelier,f,263,0.42481161819013125,0.44824615120887756,0.21860509041729673
764,parchment,r,10,0.42920942455530164,0.5008143782615662,0.20265372242449056
564,honey,c,20,0.4326997474767268,0.42616991698741913,0.3116232125044764
440,fire_alarm,f,130,0.4327365065853183,0.41980916261672974,0.29347313719090273
1154,wall_clock,c,48,0.43515284871682525,0.43952369689941406,0.25207967811460846
379,dog_collar,f,574,0.4359399300711132,0.4195616990327835,0.27324832982343844
593,jeep,c,38,0.43750032302188246,0.4104178100824356,0.28432530723358274
528,ham,f,214,0.43860894435947045,0.45070530474185944,0.21201050813018055
573,hot_sauce,c,24,0.4431322024126227,0.4714728891849518,0.22140770359107165
910,saltshaker,f,361,0.4459735393881155,0.4515146315097809,0.3604397854165625
455,flap,c,77,0.44640967295831674,0.5329616069793701,0.37103586411933814
624,lamb_(animal),f,134,0.44647896717955815,0.4463408440351486,0.13608864036802232
916,sausage,f,221,0.44825166135571254,0.47616803646087646,0.2393743234950562
186,calf,c,95,0.4531710552345765,0.47412165999412537,0.19061289979090956
906,salami,c,34,0.4540119166759884,0.4787444621324539,0.2344272676322422
290,coleslaw,c,46,0.4557907917415318,0.46643972396850586,0.19140201822416508
555,helicopter,c,44,0.45814336175945675,0.4457753449678421,0.1964973672431307
789,pepper,f,116,0.4595674260696075,0.4544236809015274,0.44115553751342557
844,pretzel,c,20,0.46012770272791387,0.4611031711101532,0.2371115809063433
429,fan,f,575,0.4643628308994939,0.44773027300834656,0.36484410126427835
227,cayenne_(spice),c,16,0.4686601832509041,0.43442799150943756,0.3921456458347949
169,bun,f,642,0.47197203961820444,0.48481838405132294,0.17978962333871507
100,birdfeeder,c,16,0.4740841998718679,0.5157468616962433,0.2724440313011505
1151,wagon,c,70,0.47567396736703815,0.492156520485878,0.33882176679874537
1202,zebra,f,1674,0.47828943648886296,0.49007922410964966,0.11788922991393128
496,giraffe,f,1877,0.48034495031637264,0.48495885729789734,0.12724053426514823
162,bull,c,82,0.48062795791888563,0.5120993554592133,0.25605387151230163
80,cow,f,1420,0.4821834262150576,0.4943246692419052,0.19915456460149428
188,camel,c,22,0.4969825510951606,0.4809250682592392,0.254601397328972
800,pickup_truck,f,502,0.5033752121558154,0.5241900384426117,0.3205995700001841
943,sheep,f,951,0.5046827912597,0.5092319846153259,0.1480858721472347
423,elk,c,11,0.5080297596075318,0.42087751626968384,0.31235531052634286
501,goat,c,99,0.5132765417749231,0.4950474202632904,0.2314066398097347
356,dartboard,c,11,0.513345005096529,0.5297963619232178,0.23433558580063393
596,jet_plane,c,35,0.5224080285855702,0.5253168344497681,0.19666262459674722
1111,tractor_(farm_equipment),c,61,0.5273654186701189,0.5077353715896606,0.2594267680438407
807,pinecone,c,18,0.5297536816861894,0.5634467601776123,0.2567546912052679
3,airplane,f,1911,0.529906267556106,0.5227876901626587,0.22324739802829793
408,eagle,c,40,0.5315890468657016,0.5488660931587219,0.280219716278818
272,clock_tower,f,897,0.5341967457392509,0.5503219366073608,0.21218277992239304
822,plow_(farm_equipment),r,10,0.5359749592840671,0.5692365169525146,0.28024586981770944
1107,tow_truck,c,41,0.5408852910850106,0.5351319909095764,0.19112763916707898
1187,windsock,c,19,0.5491570395074392,0.5158982276916504,0.32168622864177765
451,flag,f,1908,0.5613199931151327,0.5810588300228119,0.3943506785127353
359,deer,c,44,0.5744423615026542,0.47138163447380066,0.39599184900496753
216,horse_carriage,c,35,0.5744628503918647,0.5465330481529236,0.20876100384432575
246,crisp_(potato_chip),c,45,0.5769531425502565,0.6256218552589417,0.2466197929131218
318,cowbell,c,16,0.5796064008027315,0.6001609563827515,0.19828270964775152
1019,stop_sign,f,1053,0.5804578996416454,0.6253421306610107,0.24304091518899829
978,snowmobile,c,16,0.5807333160191774,0.5309173613786697,0.15878700076716137
1170,water_tower,c,45,0.5856445903579394,0.6292546391487122,0.2737554484347399
1113,dirt_bike,c,18,0.5909191701147292,0.6188046634197235,0.1400490303702582
191,camper_(vehicle),c,40,0.5962976783979684,0.6301374733448029,0.3040355083015154
463,foal,c,25,0.5967465782165527,0.5938448309898376,0.11702484135760777
884,rifle,c,14,0.5982937320534673,0.6039522290229797,0.3950682524840339
335,crucifix,c,71,0.5995453606608888,0.6255582571029663,0.28320843707161103
1114,trailer_truck,f,143,0.6168155223391689,0.6320169568061829,0.28226661101970946
830,pony,c,25,0.6203310394287109,0.6444209814071655,0.22143799142503412
871,ram_(animal),c,36,0.6240639254036877,0.6368965208530426,0.22708664401924128
900,saddle_blanket,f,347,0.6395369895146112,0.6429435014724731,0.26497162876893277
960,silo,c,28,0.6402647954611373,0.7042252421379089,0.2871668245285005
899,saddle_(on_an_animal),f,521,0.6476270462231686,0.6602309346199036,0.3016442455236086
569,horse,f,1904,0.6548547295247207,0.6555808782577515,0.23339902031245505
1184,windmill,c,47,0.655119481714482,0.6638712286949158,0.23616071729212007
901,saddlebag,c,35,0.6685333571263722,0.6970498561859131,0.22353548714839375
1152,wagon_wheel,c,46,0.6751010793706645,0.6127744019031525,0.24997014629130354
436,fighter_jet,c,54,0.6876917249626584,0.7045190632343292,0.1435109951320733
848,propeller,f,673,0.6892377176885265,0.677402913570404,0.23850110607798258
1173,weathervane,f,193,0.7076294913965185,0.7306258678436279,0.24178210579291262
452,flagpole,f,353,0.7300421110164406,0.738265872001648,0.3722548930222852
846,projectile_(weapon),c,23,0.7375048398971558,0.7435973882675171,0.17945815559149947
1017,stirrup,f,305,0.75191267886367,0.743119478225708,0.32800889172834535
319,cowboy_hat,f,216,0.757106416867356,0.7744815647602081,0.4391295066542198
236,chap,r,10,0.7664149716496468,0.8102667033672333,0.32763344658702515
552,headstall_(for_horses),c,74,0.7711979199100185,0.7762142419815063,0.24626337953598829
1191,blinder_(for_horses),f,113,0.8029096613151837,0.7838083505630493,0.27138017699754213
723,noseband_(for_animals),c,71,0.8039437563906253,0.8367764949798584,0.2897943129668192
1201,yoke_(animal_equipment),c,11,0.8825277577746998,0.7644789218902588,0.25643214254805347
